{
  "args": {
    "backends": [
      "sqlite_blob",
      "hdf5",
      "hdf5_packed",
      "hdf5_compound",
      "chroma"
    ],
    "n": 10000,
    "dim": 384,
    "trials": 5,
    "quick": false,
    "outdir": "results"
  },
  "results": [
    {
      "backend": "sqlite_blob",
      "n": 10000,
      "dim": 384,
      "trials": 5,
      "phases": {
        "embedder_init_ms": {
          "n": 5,
          "mean": 0.003245985507965088,
          "p50": 0.0027950406074523926,
          "p95": 0.004791188240051269,
          "p99": 0.005094227790832519,
          "min": 0.0024639368057250977,
          "max": 0.005169987678527832
        },
        "open_ms": {
          "n": 5,
          "mean": 0.40754241943359376,
          "p50": 0.38714396953582764,
          "p95": 0.4617590427398682,
          "p99": 0.4659398460388184,
          "min": 0.35825902223587036,
          "max": 0.4669850468635559
        },
        "first_embed_ms": {
          "n": 5,
          "mean": 0.0924191951751709,
          "p50": 0.0932459831237793,
          "p95": 0.11766903400421143,
          "p99": 0.11812904834747315,
          "min": 0.06758898496627808,
          "max": 0.11824405193328857
        },
        "first_query_ms": {
          "n": 5,
          "mean": 60.90232721567154,
          "p50": 60.21237099170685,
          "p95": 68.99402780532837,
          "p99": 69.68335675239562,
          "min": 52.75628000497818,
          "max": 69.85568898916245
        },
        "second_query_ms": {
          "n": 5,
          "mean": 89.6817834019661,
          "p50": 82.51971101760864,
          "p95": 108.39141360521316,
          "p99": 111.84988191843033,
          "min": 80.08499598503113,
          "max": 112.71449899673462
        }
      }
    },
    {
      "backend": "hdf5",
      "n": 10000,
      "dim": 384,
      "trials": 5,
      "phases": {
        "embedder_init_ms": {
          "n": 5,
          "mean": 0.002240192890167236,
          "p50": 0.0023239850997924805,
          "p95": 0.0024387598037719726,
          "p99": 0.002459712028503418,
          "min": 0.0019440054893493652,
          "max": 0.0024649500846862793
        },
        "open_ms": {
          "n": 5,
          "mean": 13.424411594867706,
          "p50": 13.461834013462067,
          "p95": 13.579549407958984,
          "p99": 13.590825099945068,
          "min": 13.108875930309296,
          "max": 13.59364402294159
        },
        "first_embed_ms": {
          "n": 5,
          "mean": 0.0875019907951355,
          "p50": 0.08504199981689453,
          "p95": 0.09661979675292968,
          "p99": 0.09788955688476562,
          "min": 0.08093297481536865,
          "max": 0.09820699691772461
        },
        "first_query_ms": {
          "n": 5,
          "mean": 52.25879278182983,
          "p50": 52.40974295139313,
          "p95": 56.73262017965317,
          "p99": 57.49943841695786,
          "min": 45.94488996267319,
          "max": 57.69114297628403
        },
        "second_query_ms": {
          "n": 5,
          "mean": 72.20013839006424,
          "p50": 72.12678402662277,
          "p95": 72.52393800020218,
          "p99": 72.53448439836502,
          "min": 71.92944896221161,
          "max": 72.53712099790573
        }
      }
    },
    {
      "backend": "hdf5_packed",
      "n": 10000,
      "dim": 384,
      "trials": 5,
      "phases": {
        "embedder_init_ms": {
          "n": 5,
          "mean": 0.002432405948638916,
          "p50": 0.0022439956665039062,
          "p95": 0.0029197812080383303,
          "p99": 0.0029487347602844237,
          "min": 0.0020329952239990234,
          "max": 0.0029559731483459473
        },
        "open_ms": {
          "n": 5,
          "mean": 280.2883787989616,
          "p50": 279.3868870139122,
          "p95": 282.74886416196824,
          "p99": 283.22908959150317,
          "min": 279.0617300271988,
          "max": 283.34914594888687
        },
        "first_embed_ms": {
          "n": 5,
          "mean": 0.10567620992660523,
          "p50": 0.10889595746994019,
          "p95": 0.10923097133636475,
          "p99": 0.10927576541900635,
          "min": 0.09925806522369385,
          "max": 0.10928696393966675
        },
        "first_query_ms": {
          "n": 5,
          "mean": 79.9748396039009,
          "p50": 80.13550293445587,
          "p95": 81.07690283060074,
          "p99": 81.25797738313675,
          "min": 78.88934999704361,
          "max": 81.30324602127075
        },
        "second_query_ms": {
          "n": 5,
          "mean": 101.02619279623032,
          "p50": 100.89174199104309,
          "p95": 102.43044021129609,
          "p99": 102.7380456495285,
          "min": 99.89675599336624,
          "max": 102.81494700908661
        }
      }
    },
    {
      "backend": "hdf5_compound",
      "n": 10000,
      "dim": 384,
      "trials": 5,
      "phases": {
        "embedder_init_ms": {
          "n": 5,
          "mean": 0.002867388725280762,
          "p50": 0.0022339820861816406,
          "p95": 0.004935598373413085,
          "p99": 0.005443925857543945,
          "min": 0.0020239949226379395,
          "max": 0.00557100772857666
        },
        "open_ms": {
          "n": 5,
          "mean": 23.611014008522034,
          "p50": 23.501973032951355,
          "p95": 24.48600239753723,
          "p99": 24.63441647529602,
          "min": 23.054015040397644,
          "max": 24.671519994735718
        },
        "first_embed_ms": {
          "n": 5,
          "mean": 0.10166060924530029,
          "p50": 0.10195302963256836,
          "p95": 0.10906839370727539,
          "p99": 0.10940327644348144,
          "min": 0.09422904253005981,
          "max": 0.10948699712753296
        },
        "first_query_ms": {
          "n": 5,
          "mean": 57.15842100381851,
          "p50": 56.034472942352295,
          "p95": 59.014847457408905,
          "p99": 59.02440475225448,
          "min": 55.84247803688049,
          "max": 59.02679407596588
        },
        "second_query_ms": {
          "n": 5,
          "mean": 75.69894559383393,
          "p50": 75.79350292682648,
          "p95": 76.7292443871498,
          "p99": 76.89621046304703,
          "min": 74.87123501300812,
          "max": 76.93795198202133
        }
      }
    },
    {
      "backend": "chroma",
      "n": 10000,
      "dim": 384,
      "trials": 5,
      "phases": {
        "embedder_init_ms": {
          "n": 5,
          "mean": 0.003823208808898926,
          "p50": 0.0034670233726501465,
          "p95": 0.004959392547607422,
          "p99": 0.005135879516601562,
          "min": 0.0030960440635681152,
          "max": 0.005180001258850098
        },
        "open_ms": {
          "n": 5,
          "mean": 3.325637197494507,
          "p50": 3.432715952396393,
          "p95": 3.628038191795349,
          "p99": 3.6655236291885376,
          "min": 2.9440500140190125,
          "max": 3.6748949885368347
        },
        "first_embed_ms": {
          "n": 5,
          "mean": 0.10659182071685791,
          "p50": 0.10597103834152222,
          "p95": 0.11853662729263305,
          "p99": 0.12077935457229615,
          "min": 0.09667301177978516,
          "max": 0.12134003639221191
        },
        "first_query_ms": {
          "n": 5,
          "mean": 14.27288340330124,
          "p50": 14.221033036708832,
          "p95": 15.44186497926712,
          "p99": 15.673986580371857,
          "min": 13.416789054870605,
          "max": 15.73201698064804
        },
        "second_query_ms": {
          "n": 5,
          "mean": 3.0674256086349487,
          "p50": 3.098312020301819,
          "p95": 3.294002640247345,
          "p99": 3.328804562091827,
          "min": 2.8306649327278137,
          "max": 3.337505042552948
        }
      }
    }
  ]
}